patient_id,date,snomedct_code,numeric_value
1,2019-01-01,110791000000100,
1,2020-03-01,44054006,
1,2021-04-01,10117001,
2,2018-01-15,44054006,
2,2019-02-01,110771000000104,
3,2010-01-01,10117001,
3,2010-11-01,44054006,
3,2022-01-01,10432001,
4,2005-04-01,44054006,
5,2022-08-01,44054006,
6,2019-05-01,44054006,
7,2016-07-01,44054006,
7,2017-01-01,110791000000100,
8,2024-12-01,44054006,
8,2024-12-15,10292001,
9,2026-02-01,44054006,
9,2020-01-01,10117001,
10,2015-01-01,44054006,
10,2016-01-01,10117001,
11,2017-01-01,44054006,
11,2018-01-01,110771000000104,
12,2020-01-01,10117001,
13,2021-01-01,44054006,
